,ds,y,LR_pred,LR_pred_with_noise
0,0,77.65,77.47255351,77.46897141
1,24,77.56,77.47172711,77.44348353
2,48,77.6,77.47090071,77.47268469
3,72,77.49,77.47007431,77.46147959
4,96,77.44,77.46924792,77.4602882
5,120,77.49,77.46842152,77.49397682
6,144,77.58,77.46759512,77.46523343
7,168,77.59,77.46676872,77.46256247
8,192,77.48,77.46594233,77.47662276
9,216,77.4,77.46511593,77.43775865
10,240,77.55,77.46428953,77.48227886
11,264,77.36,77.46346313,77.47409247
12,288,77.49,77.46263674,77.45864856
13,312,77.48,77.46181034,77.4601582
14,336,77.59,77.46098394,77.45011905
15,360,77.46,77.46015754,77.46685047
16,384,77.56,77.45933115,77.39307976
17,408,77.3,77.45850475,77.457791
18,432,77.59,77.45767835,77.448811
19,456,77.47,77.45685196,77.46942724
20,480,77.47,77.45602556,77.47456227
21,504,77.44,77.45519916,77.45614413
22,528,77.47,77.45437276,77.43306984
23,552,77.56,77.45354637,77.49017132
24,576,77.54,77.45271997,77.47948404
25,600,77.45,77.45189357,77.47150938
26,624,77.51,77.45106717,77.45243825
27,648,77.51,77.45024078,77.43582263
28,672,77.46,77.44941438,77.4106999
29,696,77.55,77.44858798,77.45213222
30,720,77.63,77.44776158,77.44945625
31,744,77.51,77.44693519,77.43986374
32,768,77.57,77.44610879,77.46945461
33,792,77.52,77.44528239,77.43095108
34,816,77.58,77.444456,77.44131689
35,840,77.51,77.4436296,77.46249195
36,864,77.41,77.4428032,77.46711113
37,888,77.6,77.4419768,77.43237966
38,912,77.55,77.44115041,77.44241332
39,936,77.53,77.44032401,77.41923979
40,960,77.76,77.43949761,77.47295785
41,984,77.67,77.43867121,77.4129759
42,1008,77.7,77.43784482,77.41986976
43,1032,77.64,77.43701842,77.44238205
44,1056,77.49,77.43619202,77.44119696
45,1080,77.58,77.43536562,77.41222846
46,1104,77.59,77.43453923,77.41502057
47,1128,77.58,77.43371283,77.41662941
48,1152,77.64,77.43288643,77.41864529
49,1176,77.56,77.43206003,77.46756414
50,1200,77.61,77.43123364,77.43342632
51,1224,77.5,77.43040724,77.42841053
52,1248,77.45,77.42958084,77.39746264
53,1272,77.3,77.42875445,77.42006329
54,1296,77.42,77.42792805,77.44487711
55,1320,77.62,77.42710165,77.4544949
56,1344,77.45,77.42627525,77.39778005
57,1368,77.61,77.42544886,77.4005998
58,1392,77.54,77.42462246,77.44766275
59,1416,77.5,77.42379606,77.43542193
60,1440,77.46,77.42296966,77.43394386
61,1464,77.57,77.42214327,77.42065128
62,1488,77.71,77.42131687,77.3857146
63,1512,77.42,77.42049047,77.42727283
64,1536,77.47,77.41966407,77.43470583
65,1560,77.54,77.41883768,77.42204485
66,1584,77.53,77.41801128,77.43891993
67,1608,77.48,77.41718488,77.44660764
68,1632,77.46,77.41635849,77.42486158
69,1656,77.43,77.41553209,77.40869674
70,1680,77.41,77.41470569,77.45054315
71,1704,77.63,77.41387929,77.41495517
72,1728,77.58,77.4130529,77.38770225
73,1752,77.66,77.4122265,77.4187999
74,1776,77.47,77.4114001,77.38869525
75,1800,77.46,77.4105737,77.37747523
76,1824,77.45,77.40974731,77.39000453
77,1848,77.53,77.40892091,77.40959165
78,1872,77.55,77.40809451,77.44689609
79,1896,77.54,77.40726811,77.42881593
80,1920,77.36,77.40644172,77.36610471
81,1944,77.42,77.40561532,77.40620667
82,1968,77.5,77.40478892,77.39410098
83,1992,77.51,77.40396253,77.40328003
84,2016,77.4,77.40313613,77.38974572
85,2040,77.55,77.40230973,77.3790069
86,2064,77.38,77.40148333,77.41499778
87,2088,77.5,77.40065694,77.3798616
88,2112,77.24,77.39983054,77.35516558
89,2136,77.48,77.39900414,77.40078686
90,2160,77.43,77.39817774,77.3763298
91,2184,77.55,77.39735135,77.40602985
92,2208,77.35,77.39652495,77.41049219
93,2232,77.34,77.39569855,77.38006728
94,2256,77.31,77.39487215,77.40480144
95,2280,77.45,77.39404576,77.43427788
96,2304,77.42,77.39321936,77.39307635
97,2328,77.37,77.39239296,77.39101511
98,2352,77.33,77.39156656,77.38422725
99,2376,77.3,77.39074017,77.37095399
100,2400,77.54,77.38991377,77.41439644
101,2424,77.47,77.38908737,77.38535567
102,2448,77.39,77.38826098,77.35801863
103,2472,77.35,77.38743458,77.38008306
104,2496,77.35,77.38660818,77.38989825
105,2520,77.3,77.38578178,77.36906308
106,2544,77.28,77.38495539,77.3575005
107,2568,77.38,77.38412899,77.38394999
108,2592,77.45,77.38330259,77.37817768
109,2616,77.34,77.38247619,77.37854733
110,2640,77.31,77.3816498,77.36977967
111,2664,77.37,77.3808234,77.34439273
112,2688,77.34,77.379997,77.41069542
113,2712,77.42,77.3791706,77.34784616
114,2736,77.27,77.37834421,77.37454847
115,2760,77.43,77.37751781,77.36080491
116,2784,77.29,77.37669141,77.34947976
117,2808,77.29,77.37586502,77.35850029
118,2832,77.48,77.37503862,77.37536495
119,2856,77.58,77.37421222,77.38650568
120,2880,77.7,77.37338582,77.39100536
121,2904,77.51,77.37255943,77.37935971
122,2928,77.29,77.37173303,77.39294018
123,2952,77.46,77.37090663,77.4003578
124,2976,77.77,77.37008023,77.34366898
125,3000,77.6,77.36925384,77.33343805
126,3024,77.46,77.36842744,77.33525784
127,3048,77.57,77.36760104,77.37570987
128,3072,77.65,77.36677464,77.39319407
129,3096,77.42,77.36594825,77.378827
130,3120,77.52,77.36512185,77.38712542
131,3144,77.43,77.36429545,77.35323407
132,3168,77.34,77.36346905,77.40110754
133,3192,77.27,77.36264266,77.37808236
134,3216,77.24,77.36181626,77.3925786
135,3240,77.56,77.36098986,77.40258907
136,3264,77.35,77.36016347,77.33354675
137,3288,77.54,77.35933707,77.35106113
138,3312,77.41,77.35851067,77.35261211
139,3336,77.2,77.35768427,77.34066096
140,3360,77.26,77.35685788,77.35624096
141,3384,77.28,77.35603148,77.32281819
142,3408,77.38,77.35520508,77.33045605
143,3432,77.44,77.35437868,77.36544211
144,3456,77.18,77.35355229,77.34125674
145,3480,77.32,77.35272589,77.37797241
146,3504,77.42,77.35189949,77.33996883
147,3528,77.34,77.35107309,77.33503036
148,3552,77.38,77.3502467,77.32377703
149,3576,77.37,77.3494203,77.34437558
150,3600,77.2,77.3485939,77.32678969
151,3624,77.4,77.34776751,77.36359515
152,3648,77.12,77.34694111,77.31926628
153,3672,77.32,77.34611471,77.35715125
154,3696,77.41,77.34528831,77.32210121
155,3720,77.22,77.34446192,77.30984398
156,3744,77.24,77.34363552,77.31295198
157,3768,77.39,77.34280912,77.36506374
158,3792,77.16,77.34198272,77.33720626
159,3816,77.22,77.34115633,77.30074353
160,3840,77.1,77.34032993,77.33213322
161,3864,77.21,77.33950353,77.33992973
162,3888,77.11,77.33867713,77.31926035
163,3912,77.21,77.33785074,77.32580201
164,3936,77.32,77.33702434,77.32064789
165,3960,77.17,77.33619794,77.33122375
166,3984,77.17,77.33537155,77.33244252
167,4008,77.13,77.33454515,77.32757052
168,4032,77.4,77.33371875,77.34313388
169,4056,77.36,77.33289235,77.31092141
170,4080,77.32,77.33206596,77.30598672
171,4104,77.18,77.33123956,77.3163393
172,4128,77.2,77.33041316,77.31881496
173,4152,77.17,77.32958676,77.33201679
174,4176,77.27,77.32876037,77.3624215
175,4200,77.13,77.32793397,77.32741709
176,4224,77.25,77.32710757,77.28728221
177,4248,77.3,77.32628117,77.3210021
178,4272,77.26,77.32545478,77.34226002
179,4296,77.16,77.32462838,77.30579499
180,4320,77.3,77.32380198,77.31817449
181,4344,77.27,77.32297558,77.32372668
182,4368,77.29,77.32214919,77.34457584
183,4392,77.25,77.32132279,77.35200948
184,4416,77.33,77.32049639,77.32346282
185,4440,77.09,77.31967,77.31628491
186,4464,77.25,77.3188436,77.30399651
187,4488,77.05,77.3180172,77.3182279
188,4512,77.31,77.3171908,77.32142275
189,4536,77.22,77.31636441,77.33120698
190,4560,77.4,77.31553801,77.33485166
191,4584,77.04,77.31471161,77.26263406
192,4608,77.02,77.31388521,77.31366981
193,4632,77.19,77.31305882,77.29109096
194,4656,77.13,77.31223242,77.30207276
195,4680,77.05,77.31140602,77.29356619
196,4704,76.98,77.31057962,77.3152755
197,4728,77.22,77.30975323,77.31448447
198,4752,77.01,77.30892683,77.35890516
199,4776,77.13,77.30810043,77.33696525
200,4800,77.06,77.30727404,77.32001759
201,4824,77.27,77.30644764,77.33915645
202,4848,77.25,77.30562124,77.30884148
203,4872,77.06,77.30479484,77.28606825
204,4896,77.2,77.30396845,77.28754783
205,4920,77.14,77.30314205,77.26604184
206,4944,77.1,77.30231565,77.32312083
207,4968,77.33,77.30148925,77.27171913
208,4992,77.27,77.30066286,77.30528219
209,5016,77.25,77.29983646,77.28430526
210,5040,77.29,77.29901006,77.28393829
211,5064,77.17,77.29818366,77.28011233
212,5088,77.19,77.29735727,77.27204635
213,5112,77.12,77.29653087,77.27677396
214,5136,77.29,77.29570447,77.32978829
215,5160,77.11,77.29487808,77.29665922
216,5184,77.25,77.29405168,77.28113717
217,5208,77.16,77.29322528,77.31259347
218,5232,77.22,77.29239888,77.31634481
219,5256,77.08,77.29157249,77.31423488
220,5280,77.12,77.29074609,77.26389724
221,5304,77.19,77.28991969,77.26942502
222,5328,77.24,77.28909329,77.28473367
223,5352,77.24,77.2882669,77.32615596
224,5376,77.15,77.2874405,77.29632984
225,5400,77.22,77.2866141,77.28351307
226,5424,77.24,77.2857877,77.3050525
227,5448,77.17,77.28496131,77.31416694
228,5472,77.31,77.28413491,77.26781199
229,5496,77.07,77.28330851,77.28897086
230,5520,77.15,77.28248211,77.26854711
231,5544,77.06,77.28165572,77.2957391
232,5568,77.34,77.28082932,77.28276334
233,5592,77.09,77.28000292,77.22396985
234,5616,77.01,77.27917653,77.30164116
235,5640,77.21,77.27835013,77.27814635
236,5664,77.17,77.27752373,77.29699764
237,5688,77.2,77.27669733,77.27488989
238,5712,77.27,77.27587094,77.27349256
239,5736,77.22,77.27504454,77.30091747
240,5760,77.38,77.27421814,77.29388481
241,5784,77.27,77.27339174,77.26952012
242,5808,77.43,77.27256535,77.30017207
243,5832,77.23,77.27173895,77.27536565
244,5856,77.15,77.27091255,77.27669816
245,5880,77.25,77.27008615,77.27358455
246,5904,77.06,77.26925976,77.29849887
247,5928,77.04,77.26843336,77.25549759
248,5952,77.22,77.26760696,77.28034792
249,5976,77.48,77.26678057,77.31741544
250,6000,77.12,77.26595417,77.2847215
251,6024,77.07,77.26512777,77.27355706
252,6048,77.36,77.26430137,77.23979329
253,6072,77.11,77.26347498,77.27024238
254,6096,77.17,77.26264858,77.28707023
255,6120,77.24,77.26182218,77.28159277
256,6144,77.32,77.26099578,77.2596578
257,6168,77.21,77.26016939,77.29452089
258,6192,77.2,77.25934299,77.27154285
259,6216,77.15,77.25851659,77.23218984
260,6240,77.35,77.25769019,77.24446467
261,6264,77.16,77.2568638,77.23959912
262,6288,77.1,77.2560374,77.25451614
263,6312,77.17,77.255211,77.26171768
264,6336,77.12,77.2543846,77.25227302
265,6360,77.36,77.25355821,77.27313471
266,6384,77.14,77.25273181,77.26978489
267,6408,77.06,77.25190541,77.2494193
268,6432,77.17,77.25107902,77.21035271
269,6456,77.36,77.25025262,77.22393509
270,6480,77.11,77.24942622,77.23252235
271,6504,77.24,77.24859982,77.24242933
272,6528,77.27,77.24777343,77.20775997
273,6552,77.26,77.24694703,77.22533704
274,6576,77.28,77.24612063,77.2385678
275,6600,77.33,77.24529423,77.22485196
276,6624,77.21,77.24446784,77.25886167
277,6648,77.12,77.24364144,77.23155944
278,6672,77.18,77.24281504,77.23778037
279,6696,77.22,77.24198864,77.21930093
280,6720,77.05,77.24116225,77.26627412
281,6744,77.34,77.24033585,77.23679697
282,6768,77.15,77.23950945,77.23934248
283,6792,77.18,77.23868306,77.28175798
284,6816,77.17,77.23785666,77.25529439
285,6840,77.15,77.23703026,77.22989388
286,6864,77.07,77.23620386,77.29028085
287,6888,77.09,77.23537747,77.20935596
288,6912,76.93,77.23455107,77.22292075
289,6936,77.15,77.23372467,77.23975571
290,6960,77.03,77.23289827,77.225918
291,6984,77.11,77.23207188,77.22891974
292,7008,77.17,77.23124548,77.18470841
293,7032,77.22,77.23041908,77.21096143
294,7056,76.98,77.22959268,77.23085262
295,7080,76.95,77.22876629,77.2162161
296,7104,77.24,77.22793989,77.23487841
297,7128,76.86,77.22711349,77.21795207
298,7152,76.84,77.2262871,77.17953982
299,7176,77.07,77.2254607,77.22248223
300,7200,76.89,77.2246343,77.2451356
301,7224,77.1,77.2238079,77.19753862
302,7248,77.08,77.22298151,77.21834834
303,7272,77.12,77.22215511,77.25104435
304,7296,77.11,77.22132871,77.21726043
305,7320,77.03,77.22050231,77.25327771
306,7344,77.16,77.21967592,77.22924829
307,7368,77.08,77.21884952,77.19319837
308,7392,77.18,77.21802312,77.22474487
309,7416,77.01,77.21719672,77.20777261
310,7440,77.23,77.21637033,77.21423836
311,7464,77.03,77.21554393,77.21306348
312,7488,77.09,77.21471753,77.19865877
313,7512,77.18,77.21389113,77.21014647
314,7536,77.11,77.21306474,77.19912562
315,7560,77.08,77.21223834,77.21721177
316,7584,77.27,77.21141194,77.21724348
317,7608,77.11,77.21058555,77.19326594
318,7632,77.09,77.20975915,77.23629188
319,7656,77.02,77.20893275,77.19566907
320,7680,77.21,77.20810635,77.15352244
321,7704,77.03,77.20727996,77.20495297
322,7728,76.86,77.20645356,77.17276905
323,7752,77.21,77.20562716,77.22588965
324,7776,77.05,77.20480076,77.1753015
325,7800,77.03,77.20397437,77.24000686
326,7824,77.01,77.20314797,77.24874946
327,7848,77.13,77.20232157,77.20360765
328,7872,77.19,77.20149517,77.20576296
329,7896,77.27,77.20066878,77.20716635
330,7920,77.07,77.19984238,77.2136142
331,7944,77.09,77.19901598,77.15657072
332,7968,77.07,77.19818959,77.21989751
333,7992,76.99,77.19736319,77.21375767
334,8016,77.14,77.19653679,77.21027863
335,8040,76.98,77.19571039,77.19636206
336,8064,76.98,77.194884,77.18881858
337,8088,77.24,77.1940576,77.19547686
338,8112,77.16,77.1932312,77.18498326
339,8136,77.09,77.1924048,77.192815
340,8160,77.27,77.19157841,77.18647984
341,8184,76.99,77.19075201,77.21694741
342,8208,77.21,77.18992561,77.18539568
343,8232,76.99,77.18909921,77.21014254
344,8256,77.23,77.18827282,77.15683638
345,8280,77.19,77.18744642,77.21671923
346,8304,77.18,77.18662002,77.19238154
347,8328,77.14,77.18579362,77.1826885
348,8352,77.05,77.18496723,77.16118474
349,8376,77.18,77.18414083,77.19807269
350,8400,77.12,77.18331443,77.20493238
351,8424,77.08,77.18248804,77.19891087
352,8448,77.21,77.18166164,77.19181115
353,8472,77.28,77.18083524,77.20981569
354,8496,77.2,77.18000884,77.18914956
355,8520,77.14,77.17918245,77.18552875
356,8544,77.13,77.17835605,77.16036478
357,8568,77.23,77.17752965,77.17429864
358,8592,77.08,77.17670325,77.14663753
359,8616,77.19,77.17587686,77.16112355
360,8640,77.08,77.17505046,77.1438203
361,8664,77.06,77.17422406,77.16189163
362,8688,77,77.17339766,77.16371607
363,8712,77.26,77.17257127,77.15657365
364,8736,76.92,77.17174487,77.1579774
365,8760,77.16,77.17091847,77.18956586
366,8784,77.05,77.17009208,77.16226092
367,8808,77.19,77.16926568,77.19955295
368,8832,77,77.16843928,77.19295208
369,8856,77.18,77.16761288,77.17424297
370,8880,77.16,77.16678649,77.15728782
371,8904,77.03,77.16596009,77.13395331
372,8928,77.01,77.16513369,77.16828915
373,8952,77.28,77.16430729,77.15369728
374,8976,77.2,77.1634809,77.17746617
375,9000,77.27,77.1626545,77.18589663
376,9024,77.16,77.1618281,77.1786006
377,9048,77.09,77.1610017,77.16914419
378,9072,77.33,77.16017531,77.13470913
379,9096,77.18,77.15934891,77.19143497
380,9120,76.91,77.15852251,77.15430961
381,9144,77.11,77.15769612,77.17486354
382,9168,77.48,77.15686972,77.18976681
383,9192,77.26,77.15604332,77.21089062
384,9216,77.09,77.15521692,77.11301908
385,9240,77.23,77.15439053,77.14538334
386,9264,77.17,77.15356413,77.15107354
387,9288,77.08,77.15273773,77.14515307
388,9312,77.27,77.15191133,77.15790697
389,9336,77.01,77.15108494,77.14340612
390,9360,76.94,77.15025854,77.15562356
391,9384,77.19,77.14943214,77.17368685
392,9408,77.18,77.14860574,77.1599048
393,9432,77.04,77.14777935,77.1372124
394,9456,77.21,77.14695295,77.16370762
395,9480,77.26,77.14612655,77.1209882
396,9504,77.4,77.14530015,77.12919394
397,9528,77.36,77.14447376,77.13085482
398,9552,77.1,77.14364736,77.15071229
399,9576,77.17,77.14282096,77.13821627
400,9600,77.3,77.14199457,77.1593563
401,9624,77.24,77.14116817,77.14028005
402,9648,77.22,77.14034177,77.1491466
403,9672,77.07,77.13951537,77.1330913
404,9696,77.21,77.13868898,77.13359619
405,9720,77.15,77.13786258,77.14038562
406,9744,77.3,77.13703618,77.11677232
407,9768,77.26,77.13620978,77.1445034
408,9792,77.25,77.13538339,77.17621001
409,9816,77.22,77.13455699,77.14822497
410,9840,77.1,77.13373059,77.11734211
411,9864,77.1,77.13290419,77.20044243
412,9888,77.1,77.1320778,77.12991056
413,9912,77.05,77.1312514,77.14960629
414,9936,77.18,77.130425,77.08049076
415,9960,77.23,77.12959861,77.1417368
416,9984,77.2,77.12877221,77.13292539
417,10008,77.19,77.12794581,77.10128657
418,10032,77.13,77.12711941,77.08756967
419,10056,76.98,77.12629302,77.12925807
420,10080,77.23,77.12546662,77.132867
421,10104,77.28,77.12464022,77.0793392
422,10128,77.28,77.12381382,77.11345858
423,10152,77.02,77.12298743,77.10526817
424,10176,77.38,77.12216103,77.13189143
425,10200,77.23,77.12133463,77.10784094
426,10224,77.14,77.12050823,77.12884312
427,10248,77.26,77.11968184,77.10982636
428,10272,77.25,77.11885544,77.10754467
429,10296,77.03,77.11802904,77.13734774
430,10320,77.18,77.11720265,77.12963742
431,10344,77.11,77.11637625,77.12088156
432,10368,77.3,77.11554985,77.10639533
433,10392,77.17,77.11472345,77.0913304
434,10416,77.27,77.11389706,77.11673471
435,10440,77.22,77.11307066,77.09881525
436,10464,77.33,77.11224426,77.14719277
437,10488,77.35,77.11141786,77.10727278
438,10512,77.32,77.11059147,77.13011452
439,10536,77.12,77.10976507,77.14886333
440,10560,77.17,77.10893867,77.14045529
441,10584,77.08,77.10811227,77.11920729
442,10608,77.32,77.10728588,77.10183395
443,10632,77.15,77.10645948,77.09591092
444,10656,77.2,77.10563308,77.12199651
445,10680,77.3,77.10480668,77.0882413
446,10704,77.26,77.10398029,77.12432062
447,10728,77.17,77.10315389,77.06363175
448,10752,77.2,77.10232749,77.13721231
449,10776,77.19,77.1015011,77.08319301
450,10800,77.11,77.1006747,77.11988017
451,10824,77.27,77.0998483,77.09606073
452,10848,77.06,77.0990219,77.08739564
453,10872,77.24,77.09819551,77.10227908
454,10896,77.18,77.09736911,77.09884341
455,10920,77.12,77.09654271,77.0923135
456,10944,77.46,77.09571631,77.11621048
457,10968,77.33,77.09488992,77.13355505
458,10992,76.88,77.09406352,77.10264074
459,11016,77.09,77.09323712,77.08974969
460,11040,76.96,77.09241072,77.07910254
461,11064,76.98,77.09158433,77.07469486
462,11088,76.98,77.09075793,77.07256399
463,11112,77.04,77.08993153,77.1067814
464,11136,77.03,77.08910514,77.09005098
465,11160,77.14,77.08827874,77.09695078
466,11184,77.11,77.08745234,77.08667042
467,11208,77.11,77.08662594,77.10989396
468,11232,77.16,77.08579955,77.07223885
469,11256,77.09,77.08497315,77.07922616
470,11280,77.14,77.08414675,77.1200466
471,11304,77.17,77.08332035,77.10304278
472,11328,77.12,77.08249396,77.03482384
473,11352,77.1,77.08166756,77.07487725
474,11376,77.18,77.08084116,77.07418703
475,11400,77.25,77.08001476,77.07459597
476,11424,77.19,77.07918837,77.09029784
477,11448,77.32,77.07836197,77.10178974
478,11472,77.26,77.07753557,77.05879538
479,11496,77.24,77.07670917,77.08810637
480,11520,77.13,77.07588278,77.100696
481,11544,77.12,77.07505638,77.08477368
482,11568,77.22,77.07422998,77.05567085
483,11592,77.1,77.07340359,77.05800698
484,11616,77.12,77.07257719,77.07361566
485,11640,77.18,77.07175079,77.06025192
486,11664,77.18,77.07092439,77.06824895
487,11688,77.21,77.070098,77.06569764
488,11712,77.19,77.0692716,77.08824263
489,11736,77.21,77.0684452,77.08632492
490,11760,77.23,77.0676188,77.0416186
491,11784,77.22,77.06679241,77.08423663
492,11808,77.12,77.06596601,77.09978245
493,11832,77.18,77.06513961,77.05959468
494,11856,77.26,77.06431321,77.09274756
495,11880,77.3,77.06348682,77.03175869
496,11904,77.22,77.06266042,77.06701626
497,11928,77.17,77.06183402,77.05854374
498,11952,77.24,77.06100763,77.0784673
499,11976,77.24,77.06018123,77.0651844
500,12000,77.22,77.05935483,77.08755675
501,12024,77.27,77.05852843,77.08855035
502,12048,77.22,77.05770204,77.05534929
503,12072,77.19,77.05687564,77.0444376
504,12096,77.17,77.05604924,77.07715363
505,12120,77.19,77.05522284,77.0469282
506,12144,77.19,77.05439645,77.08143563
507,12168,77.2,77.05357005,77.0443226
508,12192,77.18,77.05274365,77.05746525
509,12216,77.22,77.05191725,77.03462045
510,12240,77.16,77.05109086,77.04516122
511,12264,77.17,77.05026446,77.06024153
512,12288,77.15,77.04943806,77.0348329
513,12312,77.16,77.04861167,77.09191985
514,12336,77.18,77.04778527,77.07126759
515,12360,77.16,77.04695887,77.05105924
516,12384,77.1,77.04613247,77.04676398
517,12408,77.08,77.04530608,77.04581987
518,12432,77.07,77.04447968,77.04487666
519,12456,77.06,77.04365328,77.0342762
520,12480,77.14,77.04282688,77.03237525
521,12504,77.21,77.04200049,77.0556391
522,12528,77.21,77.04117409,77.0247074
523,12552,77.17,77.04034769,77.03787071
524,12576,77.2,77.03952129,77.05877174
525,12600,77.25,77.0386949,77.01834386
526,12624,77.25,77.0378685,77.02601619
527,12648,77.21,77.0370421,77.04779743
528,12672,77.12,77.0362157,77.02338069
529,12696,77.08,77.03538931,77.02115148
530,12720,77.07,77.03456291,77.03389818
531,12744,76.81,77.03373651,77.03432359
532,12768,76.85,77.03291012,77.00946387
533,12792,76.91,77.03208372,77.0475571
534,12816,76.81,77.03125732,77.01102013
535,12840,76.97,77.03043092,77.04437501
536,12864,76.94,77.02960453,77.0401792
537,12888,76.68,77.02877813,77.01654263
538,12912,76.86,77.02795173,77.02726489
539,12936,76.84,77.02712533,77.01889759
540,12960,76.8,77.02629894,77.03697378
541,12984,76.83,77.02547254,77.04865214
542,13008,76.81,77.02464614,77.04506805
543,13032,76.88,77.02381974,77.02047651
544,13056,76.86,77.02299335,77.01942247
545,13080,76.84,77.02216695,77.03825444
546,13104,76.92,77.02134055,77.0159769
547,13128,76.83,77.02051416,77.00866061
548,13152,76.87,77.01968776,77.02953186
549,13176,76.91,77.01886136,76.99937552
550,13200,76.88,77.01803496,77.00978228
551,13224,76.87,77.01720857,77.0333762
552,13248,76.94,77.01638217,77.01967778
553,13272,77.01,77.01555577,77.0434226
554,13296,76.93,77.01472937,77.00359231
555,13320,77.08,77.01390298,76.98526443
556,13344,76.95,77.01307658,77.00025333
557,13368,76.97,77.01225018,77.02045062
558,13392,76.86,77.01142378,77.01078823
559,13416,76.84,77.01059739,77.03718666
560,13440,77.01,77.00977099,77.01852506
561,13464,76.91,77.00894459,77.0147151
562,13488,76.89,77.00811819,77.00865804
563,13512,76.93,77.0072918,76.99937925
564,13536,76.91,77.0064654,76.96339612
565,13560,76.95,77.005639,77.02700696
566,13584,76.94,77.00481261,77.00307679
567,13608,76.97,77.00398621,76.99736873
568,13632,77.07,77.00315981,76.98561456
569,13656,77.19,77.00233341,77.04791282
570,13680,77.22,77.00150702,76.99789948
571,13704,77.21,77.00068062,76.99296732
572,13728,77.24,76.99985422,77.00651926
573,13752,77.28,76.99902782,76.98349597
574,13776,77.17,76.99820143,77.0060582
575,13800,77.07,76.99737503,76.96917091
576,13824,77.13,76.99654863,77.02277442
577,13848,77.17,76.99572223,76.98567261
578,13872,77,76.99489584,76.99756945
579,13896,77.29,76.99406944,76.95590931
580,13920,77.1,76.99324304,76.99857478
581,13944,77.14,76.99241665,76.98721061
582,13968,77.12,76.99159025,77.00588248
583,13992,77.1,76.99076385,77.02057987
584,14016,77.02,76.98993745,77.02896742
585,14040,77.05,76.98911106,76.98098466
586,14064,76.96,76.98828466,76.98746782
587,14088,77.18,76.98745826,77.04026633
588,14112,77.06,76.98663186,76.96979934
589,14136,77.14,76.98580547,76.99756558
590,14160,77.2,76.98497907,77.02985148
591,14184,77.25,76.98415267,76.95018972
592,14208,77.01,76.98332627,76.95885145
593,14232,76.98,76.98249988,76.9935654
594,14256,77.27,76.98167348,77.005933
595,14280,76.9,76.98084708,76.9811588
596,14304,76.87,76.98002069,76.98979763
597,14328,77.1,76.97919429,76.9950278
598,14352,76.92,76.97836789,76.98079896
599,14376,77.13,76.97754149,76.97842523
600,14400,77.11,76.9767151,76.97743446
601,14424,77.15,76.9758887,76.9795942
602,14448,77.14,76.9750623,76.9758299
603,14472,77.06,76.9742359,76.99482174
604,14496,77.19,76.97340951,76.94716204
605,14520,77.11,76.97258311,76.96891778
606,14544,77.21,76.97175671,76.97111199
607,14568,77.05,76.97093031,76.96402528
608,14592,77.26,76.97010392,76.9957752
609,14616,77.07,76.96927752,76.97866995
610,14640,77.13,76.96845112,76.95734981
611,14664,77.22,76.96762472,76.95033613
612,14688,77.14,76.96679833,76.97592382
613,14712,77.11,76.96597193,76.94947573
614,14736,77.3,76.96514553,76.97306435
615,14760,77.14,76.96431914,76.9486494
616,14784,77.12,76.96349274,76.96034987
617,14808,77.05,76.96266634,76.96027079
618,14832,77.24,76.96183994,76.9531974
619,14856,77.06,76.96101355,76.96581422
620,14880,76.89,76.96018715,77.00190019
621,14904,77.24,76.95936075,76.95543147
622,14928,76.96,76.95853435,76.96572026
623,14952,76.94,76.95770796,76.94755106
624,14976,76.92,76.95688156,76.95878395
625,15000,77.03,76.95605516,76.96253573
626,15024,77.09,76.95522876,76.94669104
627,15048,77.18,76.95440237,76.96073744
628,15072,76.98,76.95357597,76.93148799
629,15096,76.84,76.95274957,76.93851474
630,15120,76.82,76.95192318,76.96940439
631,15144,76.74,76.95109678,76.94738843
632,15168,76.9,76.95027038,76.96858511
633,15192,76.74,76.94944398,76.95444477
634,15216,76.73,76.94861759,76.96429444
635,15240,76.99,76.94779119,76.97450176
636,15264,76.92,76.94696479,76.95499607
637,15288,76.84,76.94613839,76.93486944
638,15312,77.02,76.945312,76.94830773
639,15336,76.74,76.9444856,76.93007629
640,15360,76.96,76.9436592,76.93354377
641,15384,76.74,76.9428328,76.93764465
642,15408,76.98,76.94200641,76.92302145
643,15432,76.94,76.94118001,76.95390062
644,15456,76.93,76.94035361,76.93721453
645,15480,76.89,76.93952722,76.94749238
646,15504,76.8,76.93870082,76.92553079
647,15528,76.93,76.93787442,76.95135762
648,15552,76.87,76.93704802,76.95101434
649,15576,76.84,76.93622163,76.96118875
650,15600,76.96,76.93539523,76.92175233
651,15624,77.04,76.93456883,76.94817784
652,15648,76.95,76.93374243,76.96294872
653,15672,76.89,76.93291604,76.91536687
654,15696,76.88,76.93208964,76.92104892
655,15720,76.98,76.93126324,76.95130481
656,15744,76.83,76.93043684,76.93407687
657,15768,76.94,76.92961045,76.964612
658,15792,76.83,76.92878405,76.9216146
659,15816,76.81,76.92795765,76.92585481
660,15840,76.75,76.92713125,76.95078577
661,15864,77.01,76.92630486,76.92948394
662,15888,76.67,76.92547846,76.94136955
663,15912,76.91,76.92465206,76.96161536
664,15936,76.81,76.92382567,76.95673429
665,15960,76.94,76.92299927,76.94517188
666,15984,76.75,76.92217287,76.90057206
667,16008,76.93,76.92134647,76.88450786
668,16032,76.91,76.92052008,76.95323499
669,16056,76.78,76.91969368,76.96009138
670,16080,76.77,76.91886728,76.8978515
671,16104,77.03,76.91804088,76.92105961
672,16128,76.95,76.91721449,76.9182112
673,16152,77.02,76.91638809,76.9267028
674,16176,76.91,76.91556169,76.92356502
675,16200,76.84,76.91473529,76.92430369
676,16224,77.08,76.9139089,76.9232479
677,16248,76.93,76.9130825,76.88380915
678,16272,76.66,76.9122561,76.89581592
679,16296,76.86,76.91142971,76.9051557
680,16320,77.23,76.91060331,76.92659395
681,16344,77.01,76.90977691,76.91601688
682,16368,76.84,76.90895051,76.88743061
683,16392,76.98,76.90812412,76.92794825
684,16416,76.92,76.90729772,76.92526551
685,16440,76.83,76.90647132,76.9231361
686,16464,77.02,76.90564492,76.91948598
687,16488,76.77,76.90481853,76.91432594
688,16512,76.69,76.90399213,76.93792536
689,16536,76.95,76.90316573,76.87556516
690,16560,76.93,76.90233933,76.95674023
691,16584,76.79,76.90151294,76.90056407
692,16608,76.96,76.90068654,76.93722098
693,16632,77.02,76.89986014,76.87985166
694,16656,77.16,76.89903374,76.8780404
695,16680,77.11,76.89820735,76.90636665
696,16704,76.86,76.89738095,76.89045305
697,16728,76.93,76.89655455,76.85121378
698,16752,77.05,76.89572816,76.91665162
699,16776,76.99,76.89490176,76.89622088
700,16800,76.97,76.89407536,76.89596458
701,16824,76.82,76.89324896,76.89304604
702,16848,76.96,76.89242257,76.86551786
703,16872,76.9,76.89159617,76.90783837
704,16896,77.05,76.89076977,76.92134916
705,16920,77.01,76.88994337,76.88238257
706,16944,77,76.88911698,76.89316329
707,16968,76.97,76.88829058,76.88941723
708,16992,76.85,76.88746418,76.89124312
709,17016,76.85,76.88663778,76.90156153
710,17040,76.85,76.88581139,76.89598624
711,17064,76.8,76.88498499,76.8835954
712,17088,76.94,76.88415859,76.92470934
713,17112,76.98,76.8833322,76.87407434
714,17136,76.95,76.8825058,76.89376978
715,17160,76.86,76.8816794,76.89282641
716,17184,76.8,76.880853,76.88870645
717,17208,76.65,76.88002661,76.84616158
718,17232,76.9,76.87920021,76.91455532
719,17256,76.96,76.87837381,76.86925561
720,17280,76.96,76.87754741,76.85803699
721,17304,76.7,76.87672102,76.86342439
722,17328,77.06,76.87589462,76.86392153
723,17352,76.9,76.87506822,76.87754625
724,17376,76.81,76.87424182,76.8895526
725,17400,76.93,76.87341543,76.89925128
726,17424,76.93,76.87258903,76.82576747
727,17448,76.71,76.87176263,76.89767143
728,17472,76.85,76.87093624,76.85185666
729,17496,76.78,76.87010984,76.87045938
730,17520,76.97,76.86928344,76.89313026
731,17544,76.84,76.86845704,76.90713617
732,17568,76.95,76.86763065,76.87071552
733,17592,76.9,76.86680425,76.87537961
734,17616,77.01,76.86597785,76.87236909
735,17640,77.02,76.86515145,76.82913919
736,17664,77,76.86432506,76.86066848
737,17688,76.8,76.86349866,76.85393549
738,17712,76.84,76.86267226,76.84266393
739,17736,76.76,76.86184586,76.84342584
740,17760,76.99,76.86101947,76.87108747
741,17784,76.83,76.86019307,76.84247119
742,17808,76.87,76.85936667,76.88861518
743,17832,76.98,76.85854027,76.87230008
744,17856,76.93,76.85771388,76.84751483
745,17880,76.84,76.85688748,76.88346162
746,17904,76.87,76.85606108,76.86531622
747,17928,76.87,76.85523469,76.87108132
748,17952,76.78,76.85440829,76.85374254
749,17976,76.94,76.85358189,76.87183284
750,18000,76.73,76.85275549,76.84936975
751,18024,76.92,76.8519291,76.84675748
752,18048,76.85,76.8511027,76.84426657
753,18072,76.8,76.8502763,76.83415469
754,18096,77.14,76.8494499,76.84490031
755,18120,77.09,76.84862351,76.87144339
756,18144,76.63,76.84779711,76.8316083
757,18168,77.28,76.84697071,76.86556238
758,18192,76.71,76.84614431,76.82942709
759,18216,76.73,76.84531792,76.82310974
760,18240,76.73,76.84449152,76.84860847
761,18264,76.8,76.84366512,76.83666292
762,18288,76.72,76.84283873,76.83767599
763,18312,76.78,76.84201233,76.84092632
764,18336,76.82,76.84118593,76.84489119
765,18360,76.72,76.84035953,76.84893828
766,18384,77.1,76.83953314,76.8256803
767,18408,77.2,76.83870674,76.85302718
768,18432,76.81,76.83788034,76.85183832
769,18456,76.81,76.83705394,76.80388488
770,18480,77.19,76.83622755,76.85206184
771,18504,77.16,76.83540115,76.83807127
772,18528,76.78,76.83457475,76.83072368
773,18552,76.59,76.83374835,76.81689103
774,18576,76.71,76.83292196,76.81942207
775,18600,76.71,76.83209556,76.84971512
776,18624,76.81,76.83126916,76.82176725
777,18648,76.69,76.83044276,76.80504244
778,18672,76.78,76.82961637,76.86291859
779,18696,76.53,76.82878997,76.82666341
780,18720,76.82,76.82796357,76.84210135
781,18744,76.69,76.82713718,76.83233926
782,18768,76.69,76.82631078,76.84807693
783,18792,76.67,76.82548438,76.81133974
784,18816,76.7,76.82465798,76.87358808
785,18840,76.79,76.82383159,76.78360478
786,18864,76.76,76.82300519,76.80219029
787,18888,76.68,76.82217879,76.83905451
788,18912,76.74,76.82135239,76.85133192
789,18936,76.74,76.820526,76.82216618
790,18960,76.68,76.8196996,76.8117195
791,18984,76.77,76.8188732,76.81491501
792,19008,76.85,76.8180468,76.8044891
793,19032,76.74,76.81722041,76.79341489
794,19056,76.71,76.81639401,76.82766097
795,19080,76.67,76.81556761,76.81333012
796,19104,76.73,76.81474122,76.7867412
797,19128,76.66,76.81391482,76.80969216
798,19152,76.56,76.81308842,76.79511355
799,19176,76.75,76.81226202,76.81668298
800,19200,76.7,76.81143563,76.81386118
801,19224,76.67,76.81060923,76.82438058
802,19248,76.91,76.80978283,76.77508539
803,19272,76.82,76.80895643,76.80807006
804,19296,76.85,76.80813004,76.82540295
805,19320,76.79,76.80730364,76.81050511
806,19344,76.63,76.80647724,76.80863428
807,19368,76.73,76.80565084,76.82716275
808,19392,76.89,76.80482445,76.76736037
809,19416,76.88,76.80399805,76.80168762
810,19440,76.95,76.80317165,76.81639646
811,19464,76.86,76.80234526,76.76484195
812,19488,76.91,76.80151886,76.82281055
813,19512,76.8,76.80069246,76.78254522
814,19536,76.75,76.79986606,76.78274823
815,19560,76.6,76.79903967,76.80672645
816,19584,76.72,76.79821327,76.75970189
817,19608,76.92,76.79738687,76.80509787
818,19632,76.75,76.79656047,76.82153914
819,19656,76.91,76.79573408,76.78504112
820,19680,76.85,76.79490768,76.77999466
821,19704,76.8,76.79408128,76.81322631
822,19728,76.76,76.79325488,76.81572492
823,19752,76.88,76.79242849,76.78589193
824,19776,77.01,76.79160209,76.77231031
825,19800,76.72,76.79077569,76.79231054
826,19824,76.77,76.78994929,76.81331142
827,19848,76.85,76.7891229,76.79529703
828,19872,76.83,76.7882965,76.75291867
829,19896,76.78,76.7874701,76.79055796
830,19920,76.76,76.78664371,76.79570373
831,19944,76.74,76.78581731,76.76989887
832,19968,76.71,76.78499091,76.74242471
833,19992,76.93,76.78416451,76.78522857
834,20016,76.88,76.78333812,76.79343013
835,20040,76.97,76.78251172,76.77871053
836,20064,76.78,76.78168532,76.78223433
837,20088,76.77,76.78085892,76.78355906
838,20112,76.75,76.78003253,76.78200289
839,20136,76.83,76.77920613,76.73078946
840,20160,76.86,76.77837973,76.74706889
841,20184,76.84,76.77755333,76.78923979
842,20208,76.67,76.77672694,76.76507286
843,20232,76.72,76.77590054,76.73471936
844,20256,76.8,76.77507414,76.75673735
845,20280,76.81,76.77424775,76.81578389
846,20304,76.7,76.77342135,76.7716496
847,20328,76.85,76.77259495,76.78751832
848,20352,76.69,76.77176855,76.72934582
849,20376,76.8,76.77094216,76.79414419
850,20400,76.55,76.77011576,76.74046284
851,20424,76.94,76.76928936,76.74852921
852,20448,76.89,76.76846296,76.75708839
853,20472,77.01,76.76763657,76.75231987
854,20496,76.81,76.76681017,76.74250055
855,20520,76.8,76.76598377,76.75679252
856,20544,76.77,76.76515737,76.7680825
857,20568,76.91,76.76433098,76.74608037
858,20592,76.88,76.76350458,76.78892003
859,20616,76.83,76.76267818,76.73999762
860,20640,76.79,76.76185178,76.78099618
861,20664,76.76,76.76102539,76.75516422
862,20688,77,76.76019899,76.73511127
863,20712,76.93,76.75937259,76.75344464
864,20736,76.85,76.7585462,76.73694865
865,20760,76.81,76.7577198,76.73977276
866,20784,76.81,76.7568934,76.77977314
867,20808,76.76,76.756067,76.76708993
868,20832,76.74,76.75524061,76.74897147
869,20856,76.84,76.75441421,76.74140362
870,20880,76.91,76.75358781,76.77189837
871,20904,76.8,76.75276141,76.75974402
872,20928,76.77,76.75193502,76.78903635
873,20952,76.83,76.75110862,76.76000706
874,20976,76.8,76.75028222,76.77057145
875,21000,76.88,76.74945582,76.77477148
876,21024,76.73,76.74862943,76.73143583
877,21048,76.88,76.74780303,76.75273674
878,21072,76.75,76.74697663,76.77340444
879,21096,76.75,76.74615024,76.76628277
880,21120,76.71,76.74532384,76.75151027
881,21144,76.81,76.74449744,76.72290663
882,21168,76.93,76.74367104,76.74832291
883,21192,76.74,76.74284465,76.75199492
884,21216,76.52,76.74201825,76.72796817
885,21240,76.68,76.74119185,76.70920922
886,21264,77,76.74036545,76.73276107
887,21288,76.82,76.73953906,76.72300382
888,21312,76.68,76.73871266,76.75101902
889,21336,76.8,76.73788626,76.68167826
890,21360,76.88,76.73705986,76.73571289
891,21384,76.64,76.73623347,76.71168861
892,21408,76.74,76.73540707,76.75534171
893,21432,76.73,76.73458067,76.734515
894,21456,76.65,76.73375428,76.75067521
895,21480,76.57,76.73292788,76.75641539
896,21504,76.55,76.73210148,76.76607816
897,21528,76.86,76.73127508,76.73199524
898,21552,76.66,76.73044869,76.71431805
899,21576,76.85,76.72962229,76.67440284
900,21600,76.71,76.72879589,76.73431606
901,21624,76.63,76.72796949,76.72222433
902,21648,76.68,76.7271431,76.71199197
903,21672,76.7,76.7263167,76.67642544
904,21696,76.8,76.7254903,76.69618833
905,21720,76.86,76.7246639,76.73084253
906,21744,76.6,76.72383751,76.71383846
907,21768,76.74,76.72301111,76.75023085
908,21792,76.84,76.72218471,76.71629555
909,21816,76.76,76.72135831,76.72231583
910,21840,76.8,76.72053192,76.70792731
911,21864,76.79,76.71970552,76.71372215
912,21888,76.62,76.71887912,76.71453559
913,21912,76.82,76.71805273,76.7290413
914,21936,76.54,76.71722633,76.70323906
915,21960,76.74,76.71639993,76.73540003
916,21984,76.83,76.71557353,76.72900443
917,22008,76.64,76.71474714,76.73942226
918,22032,76.66,76.71392074,76.72635788
919,22056,76.81,76.71309434,76.73573993
920,22080,76.58,76.71226794,76.72531464
921,22104,76.64,76.71144155,76.68909205
922,22128,76.53,76.71061515,76.69813778
923,22152,76.63,76.70978875,76.72439799
924,22176,76.54,76.70896235,76.7190575
925,22200,76.63,76.70813596,76.73158456
926,22224,76.74,76.70730956,76.6910109
927,22248,76.59,76.70648316,76.73556689
928,22272,76.59,76.70565677,76.72613799
929,22296,76.56,76.70483037,76.71472399
930,22320,76.82,76.70400397,76.69251919
931,22344,76.78,76.70317757,76.70116867
932,22368,76.74,76.70235118,76.68393587
933,22392,76.6,76.70152478,76.67037943
934,22416,76.62,76.70069838,76.7556185
935,22440,76.59,76.69987198,76.70255536
936,22464,76.69,76.69904559,76.68315463
937,22488,76.55,76.69821919,76.65959127
938,22512,76.67,76.69739279,76.70417307
939,22536,76.72,76.69656639,76.73093437
940,22560,76.68,76.69574,76.68936524
941,22584,76.58,76.6949136,76.7039154
942,22608,76.72,76.6940872,76.72805235
943,22632,76.69,76.69326081,76.73994125
944,22656,76.71,76.69243441,76.69148289
945,22680,76.67,76.69160801,76.6842001
946,22704,76.75,76.69078161,76.68266314
947,22728,76.51,76.68995522,76.70115427
948,22752,76.67,76.68912882,76.6762788
949,22776,76.47,76.68830242,76.65458141
950,22800,76.73,76.68747602,76.67422225
951,22824,76.64,76.68664963,76.70724803
952,22848,76.82,76.68582323,76.70603368
953,22872,76.46,76.68499683,76.67781582
954,22896,76.44,76.68417043,76.66331653
955,22920,76.61,76.68334404,76.73602287
956,22944,76.55,76.68251764,76.66228027
957,22968,76.47,76.68169124,76.69083477
958,22992,76.41,76.68086484,76.6536067
959,23016,76.64,76.68003845,76.71372765
960,23040,76.43,76.67921205,76.67658184
961,23064,76.56,76.67838565,76.70155132
962,23088,76.49,76.67755926,76.68334924
963,23112,76.69,76.67673286,76.71015665
964,23136,76.67,76.67590646,76.67535629
965,23160,76.49,76.67508006,76.68342046
966,23184,76.62,76.67425367,76.69483181
967,23208,76.57,76.67342727,76.6865895
968,23232,76.53,76.67260087,76.6478731
969,23256,76.75,76.67177447,76.69555393
970,23280,76.69,76.67094808,76.69130184
971,23304,76.67,76.67012168,76.67952243
972,23328,76.71,76.66929528,76.68398645
973,23352,76.59,76.66846888,76.68682449
974,23376,76.62,76.66764249,76.63583053
975,23400,76.54,76.66681609,76.69106312
976,23424,76.71,76.66598969,76.65285885
977,23448,76.53,76.6651633,76.67875618
978,23472,76.67,76.6643369,76.68186721
979,23496,76.58,76.6635105,76.6580433
980,23520,76.64,76.6626841,76.64647479
981,23544,76.5,76.66185771,76.65332525
982,23568,76.54,76.66103131,76.64244174
983,23592,76.61,76.66020491,76.6712721
984,23616,76.66,76.65937851,76.66514178
985,23640,76.66,76.65855212,76.64806259
986,23664,76.57,76.65772572,76.66103144
987,23688,76.64,76.65689932,76.70337357
988,23712,76.66,76.65607292,76.66543566
989,23736,76.59,76.65524653,76.63502246
990,23760,76.73,76.65442013,76.63553608
991,23784,76.49,76.65359373,76.62255031
992,23808,76.57,76.65276733,76.65360455
993,23832,76.48,76.65194094,76.64788458
994,23856,76.76,76.65111454,76.62931137
995,23880,76.52,76.65028814,76.63976837
996,23904,76.43,76.64946175,76.65141989
997,23928,76.63,76.64863535,76.64382578
998,23952,76.59,76.64780895,76.64084411
999,23976,76.63,76.64698255,76.58527556
1000,24000,76.69,76.64615616,76.6330193
1001,24024,76.64,76.64532976,76.64430174
1002,24048,76.8,76.64450336,76.69336155
1003,24072,76.69,76.64367696,76.63251631
1004,24096,76.85,76.64285057,76.62468199
1005,24120,76.65,76.64202417,76.66724222
1006,24144,76.57,76.64119777,76.65975713
1007,24168,76.67,76.64037137,76.64588606
1008,24192,76.48,76.63954498,76.68614824
1009,24216,76.47,76.63871858,76.62591935
1010,24240,76.64,76.63789218,76.67112423
1011,24264,76.9,76.63706579,76.63809873
1012,24288,76.55,76.63623939,76.63555263
1013,24312,76.5,76.63541299,76.62283564
1014,24336,76.78,76.63458659,76.6296737
1015,24360,76.53,76.6337602,76.62189972
1016,24384,76.59,76.6329338,76.6143854
1017,24408,76.66,76.6321074,76.67011353
1018,24432,76.75,76.631281,76.62174392
1019,24456,76.63,76.63045461,76.66622782
1020,24480,76.62,76.62962821,76.6387412
1021,24504,76.57,76.62880181,76.65847866
1022,24528,76.77,76.62797541,76.61510155
1023,24552,76.58,76.62714902,76.63001714
1024,24576,76.53,76.62632262,76.62347455
1025,24600,76.59,76.62549622,76.63060864
1026,24624,76.54,76.62466983,76.60893345
1027,24648,76.78,76.62384343,76.61670922
1028,24672,76.56,76.62301703,76.63923066
1029,24696,76.49,76.62219063,76.61290584
1030,24720,76.59,76.62136424,76.63239215
1031,24744,76.78,76.62053784,76.62948376
1032,24768,76.54,76.61971144,76.5929867
1033,24792,76.66,76.61888504,76.65137476
1034,24816,76.69,76.61805865,76.64789916
1035,24840,76.68,76.61723225,76.61592167
1036,24864,76.7,76.61640585,76.61013697
1037,24888,76.75,76.61557945,76.63882194
1038,24912,76.63,76.61475306,76.63267814
1039,24936,76.54,76.61392666,76.61461378
1040,24960,76.6,76.61310026,76.61028463
1041,24984,76.64,76.61227386,76.63767
1042,25008,76.47,76.61144747,76.61440462
1043,25032,76.76,76.61062107,76.62428165
1044,25056,76.57,76.60979467,76.60969404
1045,25080,76.61,76.60896828,76.60442173
1046,25104,76.59,76.60814188,76.6377138
1047,25128,76.63,76.60731548,76.61729035
1048,25152,76.59,76.60648908,76.59626347
1049,25176,76.63,76.60566269,76.56738339
1050,25200,76.69,76.60483629,76.6292151
1051,25224,76.64,76.60400989,76.60759848
1052,25248,76.8,76.60318349,76.61236158
1053,25272,76.69,76.6023571,76.6088417
1054,25296,76.85,76.6015307,76.61100179
1055,25320,76.65,76.6007043,76.61363815
1056,25344,76.57,76.5998779,76.5977231
